,frame_num,environment,places
0,0,outdoor,"desert/sand, sky, beach, lake/natural, marsh"
1,24,outdoor,"desert/sand, sky, beach, lake/natural, marsh"
2,48,outdoor,"desert/sand, sky, beach, lake/natural, marsh"
3,72,indoor,"nursery, shower, playroom, kindergarden_classroom, childs_room"
4,96,indoor,"hospital, bookstore, drugstore, airport_terminal, pharmacy"
5,120,indoor,"hospital, drugstore, bookstore, airport_terminal, general_store/outdoor"
6,144,indoor,"hospital, drugstore, general_store/outdoor, pharmacy, bookstore"
7,168,indoor,"bookstore, drugstore, hospital, general_store/outdoor, pharmacy"
8,192,indoor,"hospital, general_store/outdoor, drugstore, bookstore, pharmacy"
9,216,indoor,"drugstore, hospital, bookstore, general_store/outdoor, pharmacy"
10,240,indoor,"hospital, drugstore, general_store/outdoor, pharmacy, bookstore"
11,264,indoor,"hospital, drugstore, bookstore, pharmacy, airport_terminal"
12,288,indoor,"hospital, drugstore, general_store/outdoor, bookstore, pharmacy"
13,312,indoor,"hospital, drugstore, general_store/outdoor, pharmacy, bookstore"
14,336,indoor,"hospital, drugstore, general_store/outdoor, pharmacy, bookstore"
15,360,indoor,"hospital, drugstore, general_store/outdoor, bookstore, pharmacy"
16,384,indoor,"pharmacy, drugstore, hospital_room, beauty_salon, hospital"
17,408,indoor,"pharmacy, drugstore, hospital_room, elevator_lobby, hospital"
18,432,indoor,"pharmacy, drugstore, hospital_room, hospital, bookstore"
19,456,indoor,"pharmacy, drugstore, hospital_room, beauty_salon, hospital"
20,480,indoor,"pharmacy, drugstore, hospital_room, hospital, beauty_salon"
21,504,indoor,"pharmacy, drugstore, hospital_room, elevator_lobby, hospital"
22,528,outdoor,"schoolhouse, windmill, museum/indoor, classroom, wind_farm"
23,552,outdoor,"schoolhouse, windmill, museum/indoor, archive, oast_house"
24,576,indoor,"schoolhouse, museum/indoor, windmill, archive, classroom"
25,600,indoor,"schoolhouse, museum/indoor, archive, windmill, classroom"
26,624,indoor,"schoolhouse, windmill, museum/indoor, archive, classroom"
27,648,indoor,"schoolhouse, museum/indoor, windmill, classroom, archive"
28,672,indoor,"schoolhouse, museum/indoor, archive, gymnasium/indoor, ice_skating_rink/outdoor"
29,696,indoor,"banquet_hall, cafeteria, dining_hall, food_court, restaurant"
30,720,indoor,"banquet_hall, dining_hall, cafeteria, auditorium, ballroom"
31,744,indoor,"banquet_hall, discotheque, candy_store, dining_hall, ice_cream_parlor"
32,768,indoor,"discotheque, banquet_hall, boxing_ring, ballroom, stage/indoor"
33,792,indoor,"banquet_hall, auditorium, discotheque, dining_hall, conference_center"
34,816,indoor,"banquet_hall, dining_hall, cafeteria, kindergarden_classroom, archive"
35,840,indoor,"banquet_hall, dining_hall, cafeteria, classroom, discotheque"
36,864,indoor,"banquet_hall, dining_hall, cafeteria, food_court, auditorium"
37,888,indoor,"banquet_hall, auditorium, dining_hall, discotheque, ballroom"
38,912,indoor,"auditorium, banquet_hall, dining_hall, classroom, conference_center"
39,936,indoor,"auditorium, discotheque, banquet_hall, ballroom, airport_terminal"
40,960,indoor,"banquet_hall, dining_hall, cafeteria, auditorium, ballroom"
41,984,indoor,"banquet_hall, dining_hall, auditorium, cafeteria, lecture_room"
42,1008,indoor,"cafeteria, dining_hall, banquet_hall, food_court, auditorium"
43,1032,indoor,"auditorium, banquet_hall, discotheque, dining_hall, ballroom"
44,1056,indoor,"natural_history_museum, museum/indoor, booth/indoor, hospital, science_museum"
45,1080,indoor,"natural_history_museum, museum/indoor, booth/indoor, science_museum, archive"
46,1104,indoor,"natural_history_museum, museum/indoor, booth/indoor, science_museum, archive"
47,1128,indoor,"natural_history_museum, museum/indoor, booth/indoor, science_museum, archive"
48,1152,indoor,"natural_history_museum, museum/indoor, booth/indoor, science_museum, archive"
49,1176,indoor,"natural_history_museum, museum/indoor, booth/indoor, science_museum, archive"
50,1200,indoor,"natural_history_museum, museum/indoor, booth/indoor, science_museum, archive"
51,1224,indoor,"natural_history_museum, museum/indoor, booth/indoor, science_museum, archive"
52,1248,indoor,"natural_history_museum, museum/indoor, booth/indoor, science_museum, archive"
53,1272,indoor,"natural_history_museum, museum/indoor, booth/indoor, science_museum, archive"
54,1296,indoor,"museum/indoor, art_gallery, natural_history_museum, art_studio, science_museum"
55,1320,indoor,"museum/indoor, art_gallery, natural_history_museum, science_museum, art_studio"
56,1344,indoor,"museum/indoor, art_gallery, natural_history_museum, art_studio, science_museum"
57,1368,indoor,"museum/indoor, art_gallery, natural_history_museum, science_museum, art_studio"
58,1392,indoor,"museum/indoor, art_gallery, natural_history_museum, science_museum, art_studio"
59,1416,indoor,"hospital, pharmacy, hospital_room, museum/indoor, nursery"
60,1440,indoor,"hospital, hospital_room, pharmacy, museum/indoor, reception"
61,1464,indoor,"hospital, pharmacy, hospital_room, museum/indoor, booth/indoor"
62,1488,indoor,"hospital, hospital_room, pharmacy, museum/indoor, reception"
63,1512,indoor,"hospital, hospital_room, pharmacy, museum/indoor, nursery"
64,1536,indoor,"hospital, hospital_room, pharmacy, museum/indoor, nursery"
65,1560,indoor,"hospital, pharmacy, hospital_room, museum/indoor, reception"
66,1584,indoor,"hospital, hospital_room, pharmacy, museum/indoor, reception"
67,1608,indoor,"hospital, pharmacy, hospital_room, reception, museum/indoor"
68,1632,indoor,"hospital, hospital_room, pharmacy, museum/indoor, reception"
69,1656,indoor,"nursery, bedroom, childs_room, beauty_salon, hotel_room"
70,1680,indoor,"hospital_room, hotel_room, bedroom, music_studio, clean_room"
71,1704,indoor,"clean_room, bakery/shop, ice_cream_parlor, nursery, beauty_salon"
72,1728,indoor,"jewelry_shop, nursery, clean_room, beauty_salon, hotel_room"
73,1752,indoor,"home_office, office, nursery, hospital_room, beauty_salon"
74,1776,indoor,"hotel_room, jewelry_shop, bedroom, nursery, bathroom"
75,1800,indoor,"clean_room, nursery, dressing_room, chemistry_lab, childs_room"
76,1824,indoor,"hospital_room, beauty_salon, clean_room, nursery, operating_room"
77,1848,indoor,"nursery, beauty_salon, hospital_room, dressing_room, childs_room"
78,1872,indoor,"nursery, childs_room, beauty_salon, home_office, hotel_room"
79,1896,indoor,"nursery, childs_room, bedroom, hospital_room, hotel_room"
80,1920,indoor,"clean_room, nursery, beauty_salon, hospital_room, chemistry_lab"
81,1944,indoor,"hospital_room, clean_room, beauty_salon, operating_room, nursery"
82,1968,indoor,"beauty_salon, hospital_room, nursery, clean_room, dressing_room"
83,1992,indoor,"nursery, beauty_salon, bedroom, childs_room, hospital_room"
84,2016,indoor,"hospital_room, beauty_salon, clean_room, art_studio, office"
85,2040,indoor,"museum/indoor, natural_history_museum, drugstore, pharmacy, hospital"
86,2064,indoor,"museum/indoor, natural_history_museum, booth/indoor, drugstore, pharmacy"
87,2088,indoor,"museum/indoor, natural_history_museum, drugstore, pharmacy, booth/indoor"
88,2112,indoor,"museum/indoor, natural_history_museum, drugstore, pharmacy, hospital"
89,2136,indoor,"museum/indoor, natural_history_museum, drugstore, booth/indoor, pharmacy"
90,2160,indoor,"museum/indoor, natural_history_museum, pharmacy, drugstore, booth/indoor"
91,2184,indoor,"museum/indoor, natural_history_museum, drugstore, pharmacy, booth/indoor"
92,2208,indoor,"clean_room, museum/indoor, chemistry_lab, art_gallery, beauty_salon"
93,2232,indoor,"museum/indoor, clean_room, art_gallery, chemistry_lab, beauty_salon"
94,2256,indoor,"nursery, beauty_salon, jewelry_shop, clean_room, childs_room"
95,2280,indoor,"hotel_room, beauty_salon, bedroom, childs_room, nursery"
96,2304,indoor,"museum/indoor, clean_room, art_gallery, chemistry_lab, discotheque"
97,2328,indoor,"museum/indoor, art_gallery, clean_room, ice_cream_parlor, science_museum"
98,2352,indoor,"museum/indoor, clean_room, art_gallery, dressing_room, science_museum"
99,2376,indoor,"museum/indoor, clean_room, ice_cream_parlor, art_gallery, science_museum"
100,2400,indoor,"clean_room, museum/indoor, art_gallery, dressing_room, science_museum"
101,2424,indoor,"museum/indoor, clean_room, chemistry_lab, discotheque, stage/indoor"
102,2448,indoor,"museum/indoor, natural_history_museum, hospital, booth/indoor, pharmacy"
103,2472,indoor,"museum/indoor, natural_history_museum, booth/indoor, hospital, archive"
104,2496,indoor,"museum/indoor, natural_history_museum, booth/indoor, hospital, archive"
105,2520,indoor,"museum/indoor, natural_history_museum, hospital, booth/indoor, archive"
106,2544,indoor,"museum/indoor, natural_history_museum, hospital, booth/indoor, archive"
107,2568,indoor,"museum/indoor, natural_history_museum, hospital, booth/indoor, pharmacy"
108,2592,indoor,"museum/indoor, natural_history_museum, booth/indoor, hospital, archive"
109,2616,indoor,"museum/indoor, natural_history_museum, hospital, booth/indoor, archive"
110,2640,indoor,"museum/indoor, natural_history_museum, booth/indoor, hospital, archive"
111,2664,indoor,"museum/indoor, natural_history_museum, booth/indoor, hospital, drugstore"
112,2688,outdoor,"natural_history_museum, iceberg, museum/indoor, ice_shelf, mountain_snowy"
113,2712,indoor,"museum/indoor, stage/indoor, art_gallery, natural_history_museum, dressing_room"
114,2736,indoor,"stage/indoor, museum/indoor, clean_room, discotheque, music_studio"
115,2760,indoor,"stage/indoor, museum/indoor, discotheque, art_gallery, corridor"
116,2784,indoor,"museum/indoor, art_gallery, stage/indoor, dressing_room, archive"
117,2808,indoor,"museum/indoor, nursery, art_gallery, archive, dressing_room"
118,2832,indoor,"museum/indoor, art_gallery, stage/indoor, natural_history_museum, nursery"
119,2856,indoor,"museum/indoor, stage/indoor, discotheque, art_gallery, dressing_room"
120,2880,indoor,"clean_room, discotheque, chemistry_lab, dressing_room, banquet_hall"
121,2904,indoor,"clean_room, archive, stage/indoor, museum/indoor, discotheque"
122,2928,indoor,"clean_room, archive, chemistry_lab, ice_shelf, classroom"
123,2952,indoor,"clean_room, chemistry_lab, dressing_room, biology_laboratory, discotheque"
124,2976,indoor,"clean_room, operating_room, locker_room, chemistry_lab, hospital_room"
125,3000,indoor,"clean_room, locker_room, operating_room, dressing_room, chemistry_lab"
126,3024,indoor,"clean_room, operating_room, dressing_room, locker_room, natural_history_museum"
127,3048,indoor,"stage/indoor, museum/indoor, discotheque, dressing_room, clean_room"
128,3072,indoor,"museum/indoor, art_gallery, dressing_room, clean_room, stage/indoor"
129,3096,indoor,"clean_room, locker_room, chemistry_lab, biology_laboratory, dressing_room"
130,3120,indoor,"clean_room, operating_room, dressing_room, locker_room, archive"
131,3144,indoor,"museum/indoor, dressing_room, art_gallery, stage/indoor, art_studio"
132,3168,indoor,"museum/indoor, art_gallery, art_studio, art_school, dressing_room"
133,3192,indoor,"operating_room, clean_room, archive, locker_room, hospital_room"
134,3216,indoor,"clean_room, operating_room, archive, locker_room, hospital_room"
135,3240,indoor,"clean_room, operating_room, locker_room, hospital_room, dressing_room"
136,3264,indoor,"clean_room, operating_room, locker_room, dressing_room, hospital_room"
137,3288,indoor,"clean_room, operating_room, locker_room, dressing_room, hospital_room"
138,3312,indoor,"operating_room, hospital_room, clean_room, dressing_room, veterinarians_office"
139,3336,indoor,"clean_room, dressing_room, hospital_room, operating_room, locker_room"
140,3360,indoor,"classroom, archive, bookstore, beauty_salon, clean_room"
141,3384,indoor,"archive, classroom, bookstore, clean_room, kindergarden_classroom"
142,3408,indoor,"classroom, kindergarden_classroom, archive, clean_room, chemistry_lab"
143,3432,indoor,"stage/indoor, discotheque, ballroom, music_studio, television_studio"
144,3456,indoor,"archive, clean_room, dressing_room, office_cubicles, bookstore"
145,3480,indoor,"clean_room, chemistry_lab, operating_room, biology_laboratory, archive"
146,3504,indoor,"clean_room, hospital_room, nursery, dressing_room, chemistry_lab"
147,3528,indoor,"classroom, kindergarden_classroom, lecture_room, archive, auditorium"
148,3552,indoor,"classroom, kindergarden_classroom, archive, lecture_room, auditorium"
149,3576,indoor,"clean_room, dressing_room, locker_room, operating_room, hospital_room"
150,3600,indoor,"stage/indoor, classroom, chemistry_lab, clean_room, carrousel"
151,3624,indoor,"clean_room, kindergarden_classroom, discotheque, museum/indoor, chemistry_lab"
152,3648,indoor,"stage/indoor, clean_room, chemistry_lab, discotheque, beauty_salon"
153,3672,indoor,"dressing_room, discotheque, stage/indoor, ballroom, television_studio"
154,3696,indoor,"clean_room, archive, dressing_room, classroom, museum/indoor"
155,3720,indoor,"clean_room, archive, classroom, kindergarden_classroom, museum/indoor"
156,3744,indoor,"stage/indoor, museum/indoor, nursery, ballroom, dressing_room"
157,3768,indoor,"stage/indoor, discotheque, dressing_room, ballroom, nursery"
158,3792,indoor,"stage/indoor, discotheque, museum/indoor, classroom, kindergarden_classroom"
159,3816,indoor,"classroom, stage/indoor, kindergarden_classroom, discotheque, clean_room"
160,3840,indoor,"archive, stage/indoor, discotheque, classroom, clean_room"
161,3864,indoor,"stage/indoor, discotheque, ballroom, music_studio, dressing_room"
162,3888,indoor,"discotheque, stage/indoor, music_studio, bar, ballroom"
163,3912,indoor,"stage/indoor, discotheque, clean_room, ballroom, banquet_hall"
164,3936,indoor,"martial_arts_gym, discotheque, kindergarden_classroom, stage/indoor, classroom"
165,3960,indoor,"stage/indoor, discotheque, classroom, bowling_alley, boxing_ring"
166,3984,indoor,"discotheque, stage/indoor, clean_room, museum/indoor, music_studio"
167,4008,indoor,"discotheque, stage/indoor, clean_room, music_studio, kindergarden_classroom"
168,4032,indoor,"clean_room, stage/indoor, operating_room, martial_arts_gym, discotheque"
169,4056,indoor,"clean_room, discotheque, stage/indoor, martial_arts_gym, classroom"
170,4080,indoor,"stage/indoor, discotheque, clean_room, dressing_room, chemistry_lab"
171,4104,indoor,"discotheque, martial_arts_gym, bowling_alley, stage/indoor, clean_room"
172,4128,indoor,"discotheque, stage/indoor, dressing_room, clean_room, bowling_alley"
173,4152,indoor,"stage/indoor, discotheque, clean_room, classroom, kindergarden_classroom"
174,4176,indoor,"dressing_room, locker_room, clean_room, hospital_room, archive"
175,4200,indoor,"clean_room, discotheque, dressing_room, stage/indoor, clothing_store"
176,4224,indoor,"discotheque, stage/indoor, bowling_alley, ballroom, television_studio"
177,4248,indoor,"clean_room, chemistry_lab, biology_laboratory, discotheque, dressing_room"
178,4272,indoor,"stage/indoor, discotheque, bowling_alley, martial_arts_gym, clean_room"
179,4296,indoor,"clean_room, chemistry_lab, discotheque, classroom, stage/indoor"
180,4320,indoor,"clean_room, operating_room, classroom, hospital_room, martial_arts_gym"
181,4344,indoor,"stage/indoor, chemistry_lab, clean_room, archive, museum/indoor"
182,4368,indoor,"classroom, bowling_alley, stage/indoor, archive, clean_room"
183,4392,indoor,"clean_room, banquet_hall, chemistry_lab, archive, classroom"
184,4416,indoor,"clean_room, discotheque, operating_room, chemistry_lab, stage/indoor"
185,4440,indoor,"clean_room, nursery, archive, chemistry_lab, hospital_room"
186,4464,indoor,"clean_room, martial_arts_gym, discotheque, archive, classroom"
187,4488,indoor,"classroom, archive, operating_room, lecture_room, clean_room"
188,4512,indoor,"classroom, archive, clean_room, kindergarden_classroom, lecture_room"
189,4536,indoor,"clean_room, classroom, kindergarden_classroom, hospital_room, archive"
190,4560,indoor,"clean_room, classroom, archive, kindergarden_classroom, hospital_room"
191,4584,indoor,"clean_room, classroom, kindergarden_classroom, hospital_room, operating_room"
192,4608,indoor,"classroom, auditorium, kindergarden_classroom, archive, lecture_room"
193,4632,indoor,"classroom, kindergarden_classroom, archive, clean_room, auditorium"
194,4656,indoor,"classroom, archive, kindergarden_classroom, clean_room, schoolhouse"
195,4680,indoor,"auditorium, classroom, kindergarden_classroom, archive, stage/indoor"
196,4704,indoor,"clean_room, kindergarden_classroom, operating_room, classroom, stage/indoor"
197,4728,indoor,"kindergarden_classroom, classroom, archive, cafeteria, bar"
198,4752,indoor,"clean_room, kindergarden_classroom, boxing_ring, stage/indoor, operating_room"
199,4776,indoor,"boxing_ring, discotheque, clean_room, toyshop, stage/indoor"
200,4800,indoor,"clean_room, chemistry_lab, engine_room, archive, gymnasium/indoor"
201,4824,indoor,"clean_room, toyshop, drugstore, archive, chemistry_lab"
202,4848,indoor,"clean_room, stage/indoor, martial_arts_gym, dressing_room, chemistry_lab"
203,4872,indoor,"clean_room, reception, chemistry_lab, laundromat, hospital_room"
204,4896,indoor,"clean_room, nursery, museum/indoor, ticket_booth, entrance_hall"
205,4920,indoor,"museum/indoor, reception, nursery, archive, sauna"
206,4944,indoor,"stage/indoor, clean_room, discotheque, music_studio, chemistry_lab"
207,4968,indoor,"stage/indoor, discotheque, clean_room, classroom, dressing_room"
208,4992,indoor,"museum/indoor, clean_room, art_gallery, artists_loft, clothing_store"
209,5016,indoor,"museum/indoor, art_gallery, nursery, clean_room, reception"
210,5040,indoor,"stage/indoor, clean_room, discotheque, museum/indoor, music_studio"
211,5064,indoor,"hospital, pharmacy, hospital_room, reception, drugstore"
212,5088,indoor,"hospital, pharmacy, hospital_room, reception, drugstore"
213,5112,indoor,"hospital, pharmacy, hospital_room, reception, drugstore"
214,5136,indoor,"hospital, reception, pharmacy, hospital_room, beauty_salon"
215,5160,indoor,"hospital, pharmacy, hospital_room, reception, drugstore"
216,5184,indoor,"hospital, pharmacy, hospital_room, reception, drugstore"
217,5208,indoor,"ice_cream_parlor, bakery/shop, natural_history_museum, clean_room, banquet_hall"
218,5232,indoor,"clean_room, ice_cream_parlor, natural_history_museum, science_museum, museum/indoor"
219,5256,indoor,"ice_cream_parlor, clean_room, discotheque, chemistry_lab, stage/indoor"
220,5280,indoor,"hospital, museum/indoor, pharmacy, drugstore, hospital_room"
221,5304,indoor,"hospital, museum/indoor, pharmacy, hospital_room, nursery"
222,5328,indoor,"hospital, museum/indoor, pharmacy, nursery, hospital_room"
223,5352,indoor,"hospital, museum/indoor, pharmacy, hospital_room, nursery"
224,5376,indoor,"hospital, museum/indoor, pharmacy, drugstore, nursery"
225,5400,indoor,"museum/indoor, hospital, pharmacy, drugstore, nursery"
226,5424,indoor,"hospital, museum/indoor, pharmacy, hospital_room, nursery"
227,5448,indoor,"hospital, museum/indoor, pharmacy, drugstore, nursery"
228,5472,indoor,"pharmacy, drugstore, beauty_salon, museum/indoor, discotheque"
229,5496,indoor,"clean_room, dressing_room, museum/indoor, banquet_hall, discotheque"
230,5520,indoor,"stage/indoor, clean_room, museum/indoor, discotheque, dressing_room"
231,5544,indoor,"clean_room, discotheque, stage/indoor, dressing_room, museum/indoor"
232,5568,indoor,"dressing_room, discotheque, stage/indoor, clean_room, martial_arts_gym"
233,5592,indoor,"museum/indoor, archive, classroom, natural_history_museum, art_gallery"
234,5616,indoor,"museum/indoor, archive, clean_room, classroom, art_gallery"
235,5640,indoor,"museum/indoor, clean_room, archive, art_gallery, nursery"
236,5664,indoor,"clean_room, kindergarden_classroom, classroom, archive, chemistry_lab"
237,5688,indoor,"classroom, kindergarden_classroom, lecture_room, archive, auditorium"
238,5712,indoor,"kindergarden_classroom, classroom, clean_room, nursery, archive"
239,5736,indoor,"museum/indoor, clean_room, archive, nursery, office"
240,5760,indoor,"museum/indoor, clean_room, office_cubicles, office, archive"
241,5784,indoor,"office_cubicles, archive, clean_room, office, classroom"
242,5808,indoor,"archive, museum/indoor, clean_room, schoolhouse, office"
243,5832,indoor,"clean_room, archive, museum/indoor, office, classroom"
244,5856,indoor,"museum/indoor, archive, natural_history_museum, art_gallery, classroom"
245,5880,indoor,"museum/indoor, classroom, archive, lecture_room, office_cubicles"
246,5904,indoor,"museum/indoor, boxing_ring, gymnasium/indoor, stage/indoor, television_studio"
247,5928,indoor,"museum/indoor, archive, clean_room, classroom, office"
248,5952,indoor,"museum/indoor, art_gallery, dressing_room, archive, nursery"
249,5976,indoor,"museum/indoor, archive, classroom, martial_arts_gym, art_gallery"
250,6000,indoor,"museum/indoor, boxing_ring, martial_arts_gym, archive, gymnasium/indoor"
251,6024,outdoor,"schoolhouse, courthouse, mansion, entrance_hall, porch"
252,6048,outdoor,"schoolhouse, courthouse, mansion, courtyard, entrance_hall"
253,6072,outdoor,"schoolhouse, courthouse, mansion, porch, courtyard"
254,6096,outdoor,"schoolhouse, courthouse, mansion, porch, entrance_hall"
255,6120,indoor,"museum/indoor, dressing_room, shoe_shop, office_cubicles, clothing_store"
256,6144,indoor,"clean_room, beauty_salon, office_cubicles, office, archive"
257,6168,indoor,"museum/indoor, reception, art_gallery, office_cubicles, office"
258,6192,indoor,"museum/indoor, office, clean_room, artists_loft, office_cubicles"
259,6216,outdoor,"schoolhouse, courthouse, mansion, entrance_hall, mosque/outdoor"
260,6240,outdoor,"schoolhouse, courthouse, mansion, courtyard, residential_neighborhood"
261,6264,outdoor,"schoolhouse, courthouse, mansion, building_facade, porch"
262,6288,outdoor,"arch, wind_farm, water_tower, windmill, schoolhouse"
263,6312,outdoor,"arch, wind_farm, industrial_area, water_tower, amusement_park"
264,6336,outdoor,"arch, synagogue/outdoor, mosque/outdoor, church/outdoor, church/indoor"
265,6360,outdoor,"arch, synagogue/outdoor, mosque/outdoor, mausoleum, alcove"
266,6384,indoor,"art_gallery, dressing_room, clean_room, art_studio, clothing_store"
267,6408,indoor,"art_gallery, art_studio, dressing_room, artists_loft, clean_room"
268,6432,indoor,"art_gallery, clean_room, art_studio, artists_loft, museum/indoor"
269,6456,indoor,"art_gallery, artists_loft, museum/indoor, art_studio, clean_room"
270,6480,indoor,"art_gallery, artists_loft, museum/indoor, art_studio, clean_room"
271,6504,indoor,"art_gallery, artists_loft, art_studio, museum/indoor, elevator/door"
272,6528,indoor,"art_gallery, museum/indoor, art_studio, artists_loft, dressing_room"
273,6552,indoor,"art_gallery, art_studio, dressing_room, museum/indoor, artists_loft"
274,6576,indoor,"art_gallery, dressing_room, art_studio, stage/indoor, museum/indoor"
275,6600,indoor,"art_gallery, dressing_room, art_studio, clean_room, artists_loft"
276,6624,indoor,"art_gallery, dressing_room, museum/indoor, art_studio, art_school"
277,6648,indoor,"art_gallery, dressing_room, clean_room, museum/indoor, art_studio"
278,6672,outdoor,"schoolhouse, courthouse, mansion, porch, inn/outdoor"
279,6696,outdoor,"schoolhouse, courthouse, mansion, building_facade, bow_window/indoor"
280,6720,outdoor,"schoolhouse, mansion, courthouse, motel, porch"
281,6744,outdoor,"schoolhouse, mansion, courthouse, building_facade, bow_window/indoor"
282,6768,outdoor,"schoolhouse, courthouse, mansion, porch, bow_window/indoor"
283,6792,indoor,"schoolhouse, attic, alcove, entrance_hall, motel"
284,6816,indoor,"alcove, attic, arch, burial_chamber, church/indoor"
285,6840,indoor,"elevator/door, archive, alcove, classroom, museum/indoor"
286,6864,indoor,"pharmacy, reception, hospital, hospital_room, drugstore"
287,6888,indoor,"reception, pharmacy, hospital, hospital_room, drugstore"
288,6912,indoor,"reception, pharmacy, hospital, hospital_room, drugstore"
289,6936,indoor,"reception, pharmacy, hospital, hospital_room, drugstore"
290,6960,indoor,"chemistry_lab, biology_laboratory, clean_room, dining_room, archive"
291,6984,indoor,"martial_arts_gym, ballroom, nursery, dressing_room, clean_room"
292,7008,indoor,"dressing_room, discotheque, nursery, music_studio, living_room"
293,7032,indoor,"dressing_room, clean_room, nursery, hospital_room, music_studio"
294,7056,indoor,"dressing_room, clean_room, office, biology_laboratory, chemistry_lab"
295,7080,indoor,"martial_arts_gym, dressing_room, discotheque, music_studio, clean_room"
296,7104,indoor,"classroom, archive, lecture_room, dining_room, dining_hall"
297,7128,indoor,"pharmacy, museum/indoor, drugstore, natural_history_museum, reception"
298,7152,indoor,"pharmacy, museum/indoor, drugstore, natural_history_museum, reception"
299,7176,indoor,"pharmacy, drugstore, museum/indoor, hospital, beauty_salon"
300,7200,indoor,"pharmacy, drugstore, beauty_salon, museum/indoor, hospital"
301,7224,indoor,"pharmacy, drugstore, museum/indoor, beauty_salon, reception"
302,7248,indoor,"archive, library/indoor, science_museum, museum/indoor, classroom"
303,7272,indoor,"museum/indoor, science_museum, natural_history_museum, clean_room, archive"
304,7296,indoor,"clean_room, archive, museum/indoor, science_museum, office_cubicles"
305,7320,indoor,"museum/indoor, office_cubicles, clean_room, archive, office"
306,7344,indoor,"museum/indoor, dressing_room, art_gallery, stage/indoor, archive"
307,7368,indoor,"museum/indoor, stage/indoor, art_gallery, office, ballroom"
308,7392,indoor,"museum/indoor, office, office_cubicles, archive, art_gallery"
309,7416,indoor,"museum/indoor, office, office_cubicles, art_gallery, natural_history_museum"
310,7440,indoor,"office, office_cubicles, museum/indoor, science_museum, archive"
311,7464,indoor,"office, office_cubicles, museum/indoor, clean_room, stage/indoor"
312,7488,indoor,"clean_room, hospital_room, operating_room, martial_arts_gym, museum/indoor"
313,7512,indoor,"archive, library/indoor, classroom, living_room, dining_room"
314,7536,indoor,"jewelry_shop, museum/indoor, natural_history_museum, clean_room, science_museum"
315,7560,indoor,"pharmacy, hospital, archive, hospital_room, clean_room"
316,7584,indoor,"hospital, pharmacy, archive, hospital_room, museum/indoor"
317,7608,indoor,"hospital, pharmacy, archive, hospital_room, drugstore"
318,7632,indoor,"hospital, pharmacy, archive, hospital_room, drugstore"
319,7656,indoor,"hospital, pharmacy, archive, hospital_room, drugstore"
320,7680,indoor,"hospital, pharmacy, archive, hospital_room, museum/indoor"
321,7704,indoor,"hospital, pharmacy, hospital_room, archive, reception"
322,7728,indoor,"clean_room, office, biology_laboratory, hospital_room, reception"
323,7752,indoor,"clean_room, nursery, hospital_room, biology_laboratory, chemistry_lab"
324,7776,indoor,"clean_room, dressing_room, hospital_room, beauty_salon, clothing_store"
325,7800,indoor,"clean_room, martial_arts_gym, locker_room, discotheque, dressing_room"
326,7824,indoor,"clean_room, discotheque, stage/indoor, dressing_room, hospital_room"
327,7848,indoor,"clean_room, martial_arts_gym, discotheque, nursing_home, hospital_room"
328,7872,indoor,"clean_room, martial_arts_gym, discotheque, music_studio, nursing_home"
329,7896,indoor,"clean_room, hospital_room, dressing_room, music_studio, operating_room"
330,7920,indoor,"clean_room, discotheque, dressing_room, hospital_room, music_studio"
331,7944,indoor,"clean_room, hospital_room, operating_room, dressing_room, discotheque"
332,7968,indoor,"clean_room, martial_arts_gym, dressing_room, hospital_room, discotheque"
333,7992,indoor,"clean_room, hospital_room, martial_arts_gym, operating_room, nursing_home"
334,8016,indoor,"clean_room, discotheque, martial_arts_gym, dressing_room, hospital_room"
335,8040,indoor,"clean_room, martial_arts_gym, hospital_room, discotheque, operating_room"
336,8064,indoor,"clean_room, hospital_room, operating_room, dressing_room, discotheque"
337,8088,indoor,"clean_room, dressing_room, discotheque, hospital_room, clothing_store"
338,8112,indoor,"clean_room, dressing_room, hospital_room, operating_room, nursing_home"
339,8136,indoor,"clean_room, discotheque, dressing_room, stage/indoor, nursing_home"
340,8160,indoor,"clean_room, dressing_room, archive, clothing_store, discotheque"
341,8184,indoor,"clean_room, martial_arts_gym, hospital_room, operating_room, discotheque"
342,8208,indoor,"clean_room, dressing_room, operating_room, nursing_home, discotheque"
343,8232,indoor,"pharmacy, reception, hospital, archive, drugstore"
344,8256,indoor,"reception, pharmacy, hospital, drugstore, archive"
345,8280,indoor,"pharmacy, reception, hospital, beauty_salon, archive"
346,8304,indoor,"reception, pharmacy, hospital, archive, locker_room"
347,8328,indoor,"pharmacy, reception, hospital, archive, drugstore"
348,8352,indoor,"clean_room, dressing_room, operating_room, nursing_home, hospital_room"
349,8376,indoor,"clean_room, dressing_room, martial_arts_gym, discotheque, operating_room"
350,8400,indoor,"clean_room, dressing_room, operating_room, discotheque, hospital_room"
351,8424,indoor,"clean_room, operating_room, chemistry_lab, hospital_room, physics_laboratory"
352,8448,indoor,"clean_room, operating_room, hospital_room, chemistry_lab, dressing_room"
353,8472,indoor,"clean_room, operating_room, television_studio, discotheque, music_studio"
354,8496,indoor,"clean_room, chemistry_lab, discotheque, music_studio, television_studio"
355,8520,indoor,"clean_room, discotheque, music_studio, television_studio, dressing_room"
356,8544,indoor,"clean_room, operating_room, television_studio, physics_laboratory, hospital_room"
357,8568,indoor,"clean_room, physics_laboratory, operating_room, archive, music_studio"
358,8592,indoor,"clean_room, music_studio, discotheque, physics_laboratory, television_studio"
359,8616,indoor,"clean_room, science_museum, museum/indoor, archive, martial_arts_gym"
360,8640,indoor,"science_museum, museum/indoor, art_gallery, clean_room, art_studio"
361,8664,indoor,"clean_room, dressing_room, music_studio, chemistry_lab, art_studio"
362,8688,indoor,"clean_room, operating_room, dressing_room, science_museum, hospital_room"
363,8712,indoor,"clean_room, dressing_room, hotel_room, hospital_room, science_museum"
364,8736,indoor,"clean_room, dressing_room, chemistry_lab, art_gallery, science_museum"
365,8760,indoor,"clean_room, dressing_room, chemistry_lab, beauty_salon, biology_laboratory"
366,8784,indoor,"clean_room, chemistry_lab, dressing_room, beauty_salon, hospital_room"
367,8808,indoor,"clean_room, dressing_room, operating_room, hospital_room, beauty_salon"
368,8832,indoor,"clean_room, science_museum, museum/indoor, operating_room, art_gallery"
369,8856,indoor,"clean_room, science_museum, dressing_room, art_gallery, museum/indoor"
370,8880,indoor,"science_museum, museum/indoor, art_gallery, natural_history_museum, clean_room"
371,8904,indoor,"museum/indoor, art_gallery, science_museum, clean_room, natural_history_museum"
372,8928,indoor,"science_museum, museum/indoor, art_gallery, natural_history_museum, clean_room"
373,8952,indoor,"museum/indoor, natural_history_museum, art_gallery, science_museum, clean_room"
374,8976,indoor,"museum/indoor, art_gallery, clean_room, martial_arts_gym, nursery"
375,9000,indoor,"nursery, natural_history_museum, childs_room, science_museum, museum/indoor"
376,9024,indoor,"alcove, elevator/door, museum/indoor, nursery, art_gallery"
377,9048,indoor,"reception, pharmacy, hospital, drugstore, hospital_room"
378,9072,indoor,"reception, pharmacy, hospital, beauty_salon, drugstore"
379,9096,indoor,"library/indoor, office, archive, classroom, locker_room"
380,9120,indoor,"archive, clean_room, library/indoor, office, museum/indoor"
381,9144,indoor,"archive, office, locker_room, library/indoor, classroom"
382,9168,indoor,"pharmacy, drugstore, museum/indoor, natural_history_museum, hospital"
383,9192,indoor,"pharmacy, drugstore, museum/indoor, natural_history_museum, beauty_salon"
384,9216,indoor,"pharmacy, drugstore, beauty_salon, museum/indoor, hospital"
385,9240,indoor,"pharmacy, drugstore, hospital, museum/indoor, beauty_salon"
386,9264,indoor,"pharmacy, drugstore, museum/indoor, hospital, beauty_salon"
387,9288,indoor,"pharmacy, drugstore, museum/indoor, hospital, natural_history_museum"
388,9312,indoor,"pharmacy, drugstore, museum/indoor, hospital, natural_history_museum"
389,9336,indoor,"clean_room, nursery, archive, art_gallery, dressing_room"
390,9360,indoor,"nursery, art_gallery, martial_arts_gym, dressing_room, attic"
391,9384,indoor,"nursery, clean_room, bathroom, childs_room, art_gallery"
392,9408,indoor,"nursery, dressing_room, attic, bathroom, museum/indoor"
393,9432,indoor,"clean_room, dressing_room, nursery, bathroom, operating_room"
394,9456,indoor,"nursery, childs_room, dressing_room, martial_arts_gym, clean_room"
395,9480,indoor,"iceberg, nursery, childs_room, ice_floe, martial_arts_gym"
396,9504,indoor,"nursery, childs_room, clean_room, martial_arts_gym, discotheque"
397,9528,indoor,"discotheque, clean_room, music_studio, stage/indoor, dressing_room"
398,9552,indoor,"discotheque, stage/indoor, music_studio, clean_room, bar"
399,9576,indoor,"discotheque, stage/indoor, clean_room, bar, chemistry_lab"
400,9600,indoor,"discotheque, stage/indoor, clean_room, dressing_room, music_studio"
401,9624,indoor,"clean_room, discotheque, stage/indoor, chemistry_lab, operating_room"
402,9648,indoor,"discotheque, clean_room, stage/indoor, dressing_room, music_studio"
403,9672,indoor,"discotheque, stage/indoor, clean_room, music_studio, dressing_room"
404,9696,indoor,"discotheque, stage/indoor, clean_room, chemistry_lab, music_studio"
405,9720,indoor,"discotheque, stage/indoor, dressing_room, clean_room, bar"
406,9744,indoor,"archive, office, library/indoor, classroom, locker_room"
407,9768,indoor,"archive, office, library/indoor, locker_room, museum/indoor"
408,9792,indoor,"archive, library/indoor, museum/indoor, office, classroom"
409,9816,indoor,"archive, office, locker_room, library/indoor, museum/indoor"
410,9840,indoor,"archive, library/indoor, office, locker_room, museum/indoor"
411,9864,indoor,"stage/indoor, childs_room, museum/indoor, discotheque, nursery"
412,9888,indoor,"banquet_hall, clean_room, ballroom, nursing_home, dressing_room"
413,9912,indoor,"banquet_hall, clean_room, dining_hall, dressing_room, ballroom"
414,9936,indoor,"stage/indoor, discotheque, museum/indoor, music_studio, art_studio"
415,9960,indoor,"discotheque, stage/indoor, art_studio, clean_room, music_studio"
416,9984,indoor,"stage/indoor, discotheque, art_studio, music_studio, nursery"
417,10008,indoor,"stage/indoor, discotheque, music_studio, art_studio, childs_room"
418,10032,indoor,"discotheque, clean_room, chemistry_lab, classroom, dressing_room"
419,10056,indoor,"discotheque, bar, archive, bowling_alley, beauty_salon"
420,10080,indoor,"discotheque, clean_room, bowling_alley, chemistry_lab, biology_laboratory"
421,10104,indoor,"discotheque, dressing_room, stage/indoor, clothing_store, clean_room"
422,10128,indoor,"dressing_room, clean_room, discotheque, locker_room, hospital_room"
423,10152,indoor,"discotheque, stage/indoor, martial_arts_gym, dressing_room, clean_room"
424,10176,indoor,"discotheque, martial_arts_gym, stage/indoor, boxing_ring, bowling_alley"
425,10200,indoor,"discotheque, dressing_room, clothing_store, clean_room, stage/indoor"
426,10224,indoor,"clean_room, dressing_room, discotheque, clothing_store, beauty_salon"
427,10248,indoor,"clean_room, hospital_room, discotheque, operating_room, chemistry_lab"
428,10272,indoor,"discotheque, clean_room, stage/indoor, ballroom, dressing_room"
429,10296,indoor,"clean_room, discotheque, nursery, hospital_room, chemistry_lab"
430,10320,indoor,"discotheque, stage/indoor, ballroom, dressing_room, clean_room"
431,10344,indoor,"discotheque, dressing_room, ballroom, archive, clean_room"
432,10368,indoor,"classroom, waiting_room, lecture_room, archive, recreation_room"
433,10392,indoor,"classroom, gymnasium/indoor, archive, waiting_room, lecture_room"
434,10416,indoor,"ballroom, banquet_hall, clean_room, museum/indoor, auditorium"
435,10440,indoor,"banquet_hall, ballroom, dressing_room, hospital_room, classroom"
436,10464,indoor,"clean_room, operating_room, hospital_room, assembly_line, chemistry_lab"
437,10488,indoor,"dressing_room, music_studio, stage/indoor, discotheque, office"
438,10512,indoor,"dressing_room, archive, clean_room, classroom, beauty_salon"
439,10536,indoor,"dressing_room, discotheque, clean_room, beauty_salon, chemistry_lab"
440,10560,indoor,"discotheque, dressing_room, stage/indoor, clean_room, music_studio"
441,10584,indoor,"clean_room, dressing_room, archive, nursing_home, museum/indoor"
442,10608,indoor,"dressing_room, clean_room, nursing_home, nursery, museum/indoor"
443,10632,indoor,"clean_room, dressing_room, locker_room, elevator/door, bathroom"
444,10656,indoor,"clean_room, operating_room, hospital_room, chemistry_lab, physics_laboratory"
445,10680,indoor,"clean_room, operating_room, hospital_room, chemistry_lab, physics_laboratory"
446,10704,indoor,"ballroom, dressing_room, discotheque, banquet_hall, clean_room"
447,10728,indoor,"clean_room, operating_room, hospital_room, dressing_room, physics_laboratory"
448,10752,indoor,"clean_room, hospital_room, operating_room, bowling_alley, ice_cream_parlor"
449,10776,indoor,"clean_room, operating_room, hospital_room, chemistry_lab, physics_laboratory"
450,10800,indoor,"reception, dressing_room, clean_room, bathroom, elevator/door"
451,10824,indoor,"clean_room, elevator/door, dressing_room, elevator_lobby, locker_room"
452,10848,indoor,"clean_room, dressing_room, discotheque, martial_arts_gym, stage/indoor"
453,10872,indoor,"clean_room, dressing_room, museum/indoor, martial_arts_gym, art_gallery"
454,10896,indoor,"dressing_room, discotheque, clean_room, martial_arts_gym, ballroom"
455,10920,indoor,"dressing_room, discotheque, martial_arts_gym, museum/indoor, ballroom"
456,10944,indoor,"hospital, hospital_room, archive, pharmacy, drugstore"
457,10968,indoor,"hospital, hospital_room, pharmacy, archive, drugstore"
458,10992,indoor,"hospital, hospital_room, pharmacy, archive, motel"
459,11016,indoor,"hospital, hospital_room, pharmacy, archive, drugstore"
460,11040,indoor,"hospital, hospital_room, pharmacy, archive, elevator_lobby"
461,11064,indoor,"hospital, hospital_room, pharmacy, archive, drugstore"
462,11088,indoor,"hospital, hospital_room, archive, pharmacy, elevator_lobby"
463,11112,indoor,"hospital, hospital_room, archive, pharmacy, elevator_lobby"
464,11136,indoor,"dressing_room, museum/indoor, martial_arts_gym, ballroom, discotheque"
465,11160,indoor,"dressing_room, clean_room, martial_arts_gym, discotheque, museum/indoor"
466,11184,indoor,"dressing_room, martial_arts_gym, museum/indoor, clothing_store, bowling_alley"
467,11208,indoor,"clean_room, reception, dressing_room, locker_room, bathroom"
468,11232,indoor,"clean_room, elevator/door, bathroom, dressing_room, locker_room"
469,11256,indoor,"clean_room, dressing_room, locker_room, reception, elevator/door"
470,11280,indoor,"dressing_room, discotheque, museum/indoor, martial_arts_gym, locker_room"
471,11304,indoor,"dressing_room, museum/indoor, discotheque, art_gallery, clean_room"
472,11328,indoor,"dressing_room, discotheque, museum/indoor, art_gallery, clean_room"
473,11352,indoor,"dressing_room, museum/indoor, locker_room, discotheque, art_gallery"
474,11376,indoor,"dressing_room, clean_room, reception, elevator/door, bathroom"
475,11400,indoor,"clean_room, dressing_room, locker_room, elevator/door, reception"
476,11424,indoor,"dressing_room, discotheque, locker_room, museum/indoor, elevator/door"
477,11448,indoor,"locker_room, dressing_room, archive, clean_room, elevator/door"
478,11472,indoor,"clean_room, elevator/door, dressing_room, reception, locker_room"
479,11496,indoor,"dressing_room, clean_room, elevator/door, locker_room, closet"
480,11520,indoor,"dressing_room, elevator/door, locker_room, clean_room, elevator_lobby"
481,11544,indoor,"clean_room, archive, dressing_room, elevator/door, office"
482,11568,indoor,"clean_room, locker_room, reception, elevator/door, elevator_lobby"
483,11592,indoor,"elevator/door, elevator_lobby, clean_room, dressing_room, locker_room"
484,11616,indoor,"ballroom, banquet_hall, nursing_home, clean_room, dressing_room"
485,11640,indoor,"dressing_room, clean_room, hospital_room, ballroom, nursing_home"
486,11664,indoor,"kindergarden_classroom, classroom, archive, chemistry_lab, nursery"
487,11688,indoor,"kindergarden_classroom, museum/indoor, archive, nursery, classroom"
488,11712,indoor,"kindergarden_classroom, toyshop, shoe_shop, gift_shop, nursery"
489,11736,indoor,"dressing_room, locker_room, reception, archive, office"
490,11760,indoor,"museum/indoor, classroom, clean_room, kindergarden_classroom, dressing_room"
491,11784,indoor,"museum/indoor, nursery, stage/indoor, ballroom, lecture_room"
492,11808,indoor,"clean_room, museum/indoor, bow_window/indoor, dressing_room, sauna"
493,11832,indoor,"museum/indoor, archive, art_gallery, locker_room, dressing_room"
494,11856,indoor,"museum/indoor, reception, nursery, art_gallery, dressing_room"
495,11880,indoor,"hospital, hospital_room, pharmacy, drugstore, elevator_lobby"
496,11904,indoor,"hospital, hospital_room, pharmacy, drugstore, elevator_lobby"
497,11928,indoor,"hospital, hospital_room, pharmacy, drugstore, clean_room"
498,11952,indoor,"hospital, hospital_room, pharmacy, elevator_lobby, drugstore"
499,11976,indoor,"hospital, hospital_room, pharmacy, drugstore, elevator_lobby"
500,12000,indoor,"hospital, hospital_room, pharmacy, drugstore, elevator_lobby"
501,12024,indoor,"hospital, hospital_room, pharmacy, drugstore, elevator_lobby"
502,12048,indoor,"museum/indoor, nursery, natural_history_museum, stage/indoor, dressing_room"
503,12072,indoor,"dressing_room, museum/indoor, archive, nursery, kindergarden_classroom"
504,12096,indoor,"dressing_room, museum/indoor, archive, stage/indoor, classroom"
505,12120,indoor,"archive, dressing_room, locker_room, museum/indoor, clothing_store"
506,12144,indoor,"museum/indoor, art_gallery, science_museum, shower, natural_history_museum"
507,12168,indoor,"stage/indoor, museum/indoor, art_gallery, martial_arts_gym, music_studio"
508,12192,indoor,"martial_arts_gym, stage/indoor, museum/indoor, discotheque, art_gallery"
509,12216,indoor,"martial_arts_gym, stage/indoor, discotheque, locker_room, archive"
510,12240,indoor,"archive, elevator/door, locker_room, dressing_room, museum/indoor"
511,12264,indoor,"clean_room, archive, elevator/door, locker_room, dressing_room"
512,12288,indoor,"clean_room, archive, elevator/door, office, reception"
513,12312,indoor,"martial_arts_gym, locker_room, dressing_room, discotheque, archive"
514,12336,indoor,"locker_room, martial_arts_gym, museum/indoor, art_gallery, bathroom"
515,12360,indoor,"museum/indoor, natural_history_museum, stage/indoor, art_gallery, science_museum"
516,12384,indoor,"clean_room, bathroom, shower, dressing_room, hospital_room"
517,12408,indoor,"clean_room, office, operating_room, dressing_room, archive"
518,12432,indoor,"clean_room, archive, hospital_room, dressing_room, operating_room"
519,12456,indoor,"clean_room, archive, nursery, dressing_room, hospital_room"
520,12480,indoor,"clean_room, archive, nursery, dressing_room, hospital_room"
521,12504,indoor,"clean_room, archive, nursery, dressing_room, hospital_room"
522,12528,indoor,"clean_room, nursery, dressing_room, archive, office"
523,12552,indoor,"clean_room, nursery, archive, hospital_room, bow_window/indoor"
524,12576,indoor,"archive, clean_room, nursery, dressing_room, bookstore"
525,12600,indoor,"clean_room, archive, nursery, hospital_room, locker_room"
526,12624,indoor,"clean_room, nursery, archive, dressing_room, bathroom"
527,12648,indoor,"hospital_room, hospital, beauty_salon, reception, drugstore"
528,12672,indoor,"beauty_salon, hospital_room, hospital, drugstore, reception"
529,12696,indoor,"hospital, hospital_room, beauty_salon, reception, drugstore"
530,12720,indoor,"hospital_room, hospital, beauty_salon, reception, drugstore"
531,12744,indoor,"beauty_salon, hospital_room, hospital, drugstore, pharmacy"
532,12768,indoor,"hospital, beauty_salon, hospital_room, drugstore, pharmacy"
533,12792,indoor,"beauty_salon, hospital_room, hospital, drugstore, reception"
534,12816,indoor,"hospital_room, hospital, beauty_salon, reception, drugstore"
535,12840,indoor,"clean_room, museum/indoor, nursery, music_studio, chemistry_lab"
536,12864,indoor,"clean_room, dressing_room, archive, museum/indoor, music_studio"
537,12888,indoor,"clean_room, dressing_room, museum/indoor, nursery, science_museum"
538,12912,indoor,"conference_room, dining_hall, library/indoor, banquet_hall, lecture_room"
539,12936,indoor,"dining_hall, conference_room, banquet_hall, lecture_room, dining_room"
540,12960,indoor,"dining_hall, conference_room, banquet_hall, dining_room, cafeteria"
541,12984,indoor,"dining_hall, conference_room, banquet_hall, dining_room, library/indoor"
542,13008,indoor,"conference_room, dining_hall, lecture_room, library/indoor, banquet_hall"
543,13032,indoor,"dining_hall, conference_room, banquet_hall, library/indoor, dining_room"
544,13056,indoor,"conference_room, dining_hall, lecture_room, dining_room, library/indoor"
545,13080,indoor,"dining_hall, conference_room, library/indoor, banquet_hall, conference_center"
546,13104,indoor,"conference_room, dining_hall, banquet_hall, lecture_room, library/indoor"
547,13128,indoor,"hospital, hospital_room, pharmacy, archive, museum/indoor"
548,13152,indoor,"hospital, hospital_room, pharmacy, museum/indoor, archive"
549,13176,indoor,"hospital, hospital_room, pharmacy, museum/indoor, archive"
550,13200,indoor,"hospital, hospital_room, pharmacy, museum/indoor, archive"
551,13224,indoor,"hospital, hospital_room, pharmacy, archive, drugstore"
552,13248,indoor,"hospital, hospital_room, pharmacy, archive, museum/indoor"
553,13272,indoor,"hospital, hospital_room, pharmacy, archive, museum/indoor"
554,13296,indoor,"hospital, hospital_room, pharmacy, archive, drugstore"
555,13320,indoor,"hospital, hospital_room, pharmacy, archive, museum/indoor"
556,13344,indoor,"clean_room, locker_room, hospital_room, elevator/door, corridor"
557,13368,indoor,"elevator/door, elevator_lobby, locker_room, dressing_room, museum/indoor"
558,13392,indoor,"elevator/door, locker_room, elevator_lobby, corridor, clean_room"
559,13416,indoor,"museum/indoor, hospital, natural_history_museum, pharmacy, drugstore"
560,13440,indoor,"museum/indoor, hospital, pharmacy, natural_history_museum, drugstore"
561,13464,indoor,"museum/indoor, hospital, natural_history_museum, pharmacy, hospital_room"
562,13488,indoor,"museum/indoor, natural_history_museum, hospital, pharmacy, archive"
563,13512,indoor,"museum/indoor, hospital, natural_history_museum, pharmacy, drugstore"
564,13536,indoor,"museum/indoor, natural_history_museum, hospital, pharmacy, hospital_room"
565,13560,indoor,"museum/indoor, natural_history_museum, hospital, pharmacy, drugstore"
566,13584,indoor,"museum/indoor, natural_history_museum, hospital, pharmacy, archive"
567,13608,indoor,"museum/indoor, hospital, pharmacy, drugstore, natural_history_museum"
568,13632,indoor,"nursery, archive, locker_room, classroom, elevator/door"
569,13656,indoor,"nursery, stage/indoor, locker_room, discotheque, office"
570,13680,indoor,"nursery, locker_room, basement, elevator/door, jail_cell"
571,13704,indoor,"hospital_room, classroom, living_room, nursery, nursing_home"
572,13728,indoor,"clean_room, nursery, nursing_home, archive, childs_room"
573,13752,indoor,"clean_room, nursing_home, archive, hospital_room, nursery"
574,13776,indoor,"nursing_home, archive, clean_room, hospital_room, dressing_room"
575,13800,indoor,"clean_room, nursing_home, hospital_room, chemistry_lab, nursery"
576,13824,indoor,"clean_room, hospital_room, nursing_home, operating_room, dressing_room"
577,13848,indoor,"classroom, hospital_room, clean_room, nursing_home, lecture_room"
578,13872,indoor,"classroom, nursing_home, hospital_room, dressing_room, chemistry_lab"
579,13896,indoor,"clean_room, nursing_home, chemistry_lab, classroom, banquet_hall"
580,13920,indoor,"nursing_home, hospital_room, classroom, dressing_room, living_room"
581,13944,indoor,"classroom, nursery, dressing_room, hospital_room, living_room"
582,13968,indoor,"dressing_room, banquet_hall, clean_room, ballroom, dining_hall"
583,13992,indoor,"nursery, discotheque, nursing_home, childs_room, clean_room"
584,14016,indoor,"clean_room, nursery, playroom, museum/indoor, childs_room"
585,14040,indoor,"kindergarden_classroom, classroom, archive, chemistry_lab, biology_laboratory"
586,14064,indoor,"kindergarden_classroom, nursery, archive, classroom, toyshop"
587,14088,indoor,"kindergarden_classroom, classroom, archive, chemistry_lab, stage/indoor"
588,14112,indoor,"kindergarden_classroom, archive, classroom, toyshop, nursery"
589,14136,indoor,"discotheque, auditorium, classroom, stage/indoor, lecture_room"
590,14160,indoor,"banquet_hall, classroom, lecture_room, dining_hall, auditorium"
591,14184,indoor,"boxing_ring, stage/indoor, museum/indoor, ballroom, discotheque"
592,14208,indoor,"discotheque, auditorium, television_studio, classroom, stage/indoor"
593,14232,indoor,"discotheque, stage/indoor, auditorium, boxing_ring, television_studio"
594,14256,indoor,"discotheque, stage/indoor, auditorium, classroom, kindergarden_classroom"
595,14280,indoor,"kindergarden_classroom, classroom, discotheque, auditorium, stage/indoor"
596,14304,indoor,"stage/indoor, classroom, auditorium, discotheque, boxing_ring"
597,14328,indoor,"stage/indoor, discotheque, classroom, kindergarden_classroom, auditorium"
598,14352,indoor,"archive, kindergarden_classroom, discotheque, classroom, stage/indoor"
599,14376,indoor,"classroom, kindergarden_classroom, archive, discotheque, stage/indoor"
600,14400,indoor,"stage/indoor, auditorium, discotheque, ballroom, lecture_room"
601,14424,indoor,"stage/indoor, discotheque, auditorium, museum/indoor, television_studio"
602,14448,indoor,"classroom, stage/indoor, kindergarden_classroom, auditorium, lecture_room"
603,14472,indoor,"classroom, kindergarden_classroom, archive, stage/indoor, discotheque"
604,14496,indoor,"kindergarden_classroom, discotheque, stage/indoor, dressing_room, archive"
605,14520,indoor,"discotheque, stage/indoor, kindergarden_classroom, toyshop, nursery"
606,14544,indoor,"stage/indoor, discotheque, kindergarden_classroom, clothing_store, nursery"
607,14568,indoor,"drugstore, pharmacy, hospital, beauty_salon, hospital_room"
608,14592,indoor,"drugstore, pharmacy, hospital, beauty_salon, hospital_room"
609,14616,indoor,"drugstore, pharmacy, hospital, beauty_salon, hospital_room"
610,14640,indoor,"drugstore, pharmacy, hospital, beauty_salon, hospital_room"
611,14664,indoor,"drugstore, pharmacy, hospital, beauty_salon, hospital_room"
612,14688,indoor,"drugstore, pharmacy, hospital, beauty_salon, hospital_room"
613,14712,indoor,"stage/indoor, discotheque, museum/indoor, archive, kindergarden_classroom"
614,14736,indoor,"stage/indoor, chemistry_lab, discotheque, kindergarden_classroom, classroom"
615,14760,indoor,"clean_room, discotheque, chemistry_lab, stage/indoor, biology_laboratory"
616,14784,indoor,"clean_room, schoolhouse, archive, dressing_room, kindergarden_classroom"
617,14808,indoor,"archive, kindergarden_classroom, clothing_store, stage/indoor, discotheque"
618,14832,indoor,"stage/indoor, discotheque, chemistry_lab, banquet_hall, clean_room"
619,14856,indoor,"discotheque, stage/indoor, archive, kindergarden_classroom, toyshop"
620,14880,indoor,"stage/indoor, clean_room, discotheque, chemistry_lab, toyshop"
621,14904,indoor,"stage/indoor, discotheque, ballroom, operating_room, boxing_ring"
622,14928,indoor,"discotheque, stage/indoor, chemistry_lab, banquet_hall, biology_laboratory"
623,14952,indoor,"stage/indoor, schoolhouse, discotheque, nursery, museum/indoor"
624,14976,indoor,"stage/indoor, discotheque, nursery, kindergarden_classroom, ballroom"
625,15000,indoor,"discotheque, stage/indoor, chemistry_lab, ballroom, clean_room"
626,15024,indoor,"discotheque, chemistry_lab, clean_room, stage/indoor, kindergarden_classroom"
627,15048,indoor,"discotheque, dressing_room, clothing_store, chemistry_lab, stage/indoor"
628,15072,indoor,"clean_room, clothing_store, chemistry_lab, toyshop, department_store"
629,15096,indoor,"discotheque, clean_room, nursery, stage/indoor, boxing_ring"
630,15120,indoor,"dressing_room, clothing_store, locker_room, clean_room, department_store"
631,15144,indoor,"clothing_store, clean_room, department_store, discotheque, toyshop"
632,15168,indoor,"clean_room, discotheque, stage/indoor, clothing_store, chemistry_lab"
633,15192,indoor,"clean_room, dressing_room, discotheque, clothing_store, toyshop"
634,15216,indoor,"dressing_room, clothing_store, clean_room, discotheque, department_store"
635,15240,indoor,"kindergarden_classroom, classroom, discotheque, archive, clean_room"
636,15264,indoor,"discotheque, boxing_ring, clean_room, bowling_alley, gymnasium/indoor"
637,15288,indoor,"bow_window/indoor, archive, museum/indoor, classroom, lobby"
638,15312,indoor,"classroom, porch, waiting_room, bow_window/indoor, entrance_hall"
639,15336,indoor,"discotheque, stage/indoor, museum/indoor, clean_room, chemistry_lab"
640,15360,indoor,"stage/indoor, discotheque, arena/performance, chemistry_lab, toyshop"
641,15384,indoor,"clean_room, porch, entrance_hall, operating_room, hospital_room"
642,15408,indoor,"clean_room, operating_room, hospital_room, engine_room, chemistry_lab"
643,15432,indoor,"discotheque, dressing_room, stage/indoor, ballroom, nursery"
644,15456,indoor,"dressing_room, discotheque, kindergarden_classroom, clean_room, chemistry_lab"
645,15480,indoor,"elevator/door, bow_window/indoor, elevator_lobby, locker_room, art_gallery"
646,15504,indoor,"clean_room, dressing_room, chemistry_lab, archive, locker_room"
647,15528,indoor,"clean_room, elevator/door, locker_room, closet, elevator_lobby"
648,15552,indoor,"clean_room, locker_room, elevator/door, dressing_room, closet"
649,15576,indoor,"classroom, kindergarden_classroom, stage/indoor, boxing_ring, auditorium"
650,15600,indoor,"stage/indoor, discotheque, auditorium, clean_room, dressing_room"
651,15624,indoor,"locker_room, elevator/door, clean_room, closet, dressing_room"
652,15648,indoor,"clean_room, dressing_room, elevator/door, locker_room, clothing_store"
653,15672,indoor,"classroom, kindergarden_classroom, archive, stage/indoor, television_studio"
654,15696,indoor,"clean_room, archive, nursery, museum/indoor, locker_room"
655,15720,indoor,"locker_room, archive, clean_room, sauna, elevator/door"
656,15744,indoor,"stage/indoor, ballroom, discotheque, auditorium, kindergarden_classroom"
657,15768,indoor,"discotheque, stage/indoor, ballroom, music_studio, classroom"
658,15792,indoor,"boxing_ring, martial_arts_gym, discotheque, dressing_room, ballroom"
659,15816,indoor,"schoolhouse, archive, classroom, kindergarden_classroom, clean_room"
660,15840,indoor,"classroom, archive, museum/indoor, kindergarden_classroom, clean_room"
661,15864,indoor,"classroom, archive, museum/indoor, clean_room, kindergarden_classroom"
662,15888,indoor,"elevator/door, dressing_room, locker_room, bow_window/indoor, gymnasium/indoor"
663,15912,indoor,"classroom, schoolhouse, archive, kindergarden_classroom, clean_room"
664,15936,indoor,"classroom, waiting_room, archive, library/indoor, entrance_hall"
665,15960,indoor,"waiting_room, library/indoor, classroom, archive, entrance_hall"
666,15984,indoor,"clean_room, archive, schoolhouse, classroom, gymnasium/indoor"
667,16008,indoor,"archive, schoolhouse, clean_room, porch, classroom"
668,16032,indoor,"clean_room, schoolhouse, gymnasium/indoor, archive, porch"
669,16056,indoor,"schoolhouse, clean_room, archive, classroom, stage/indoor"
670,16080,indoor,"clean_room, archive, coffee_shop, beauty_salon, schoolhouse"
671,16104,indoor,"clean_room, archive, museum/indoor, schoolhouse, butchers_shop"
672,16128,indoor,"gymnasium/indoor, auto_factory, assembly_line, clean_room, boat_deck"
673,16152,indoor,"boxing_ring, martial_arts_gym, discotheque, ballroom, auditorium"
674,16176,indoor,"clean_room, archive, pharmacy, chemistry_lab, drugstore"
675,16200,indoor,"banquet_hall, ballroom, dressing_room, martial_arts_gym, dining_hall"
676,16224,indoor,"banquet_hall, clean_room, discotheque, dining_hall, chemistry_lab"
677,16248,indoor,"clean_room, boxing_ring, chemistry_lab, hospital_room, operating_room"
678,16272,indoor,"banquet_hall, kindergarden_classroom, dining_hall, nursery, chemistry_lab"
679,16296,indoor,"archive, clean_room, schoolhouse, classroom, chemistry_lab"
680,16320,indoor,"archive, schoolhouse, clean_room, hospital_room, classroom"
681,16344,indoor,"clean_room, archive, schoolhouse, porch, hospital_room"
682,16368,indoor,"archive, clean_room, schoolhouse, hospital_room, operating_room"
683,16392,indoor,"kindergarden_classroom, classroom, nursery, auditorium, clean_room"
684,16416,indoor,"clean_room, chemistry_lab, operating_room, hospital_room, kindergarden_classroom"
685,16440,indoor,"cafeteria, clean_room, dining_hall, classroom, hospital_room"
686,16464,indoor,"classroom, cafeteria, kindergarden_classroom, auditorium, dining_hall"
687,16488,indoor,"kindergarden_classroom, dining_hall, cafeteria, classroom, clean_room"
688,16512,indoor,"ice_cream_parlor, candy_store, clean_room, dressing_room, discotheque"
689,16536,indoor,"clean_room, discotheque, hospital_room, dressing_room, nursery"
690,16560,indoor,"ice_cream_parlor, clean_room, nursery, candy_store, chemistry_lab"
691,16584,indoor,"nursery, dressing_room, clean_room, museum/indoor, discotheque"
692,16608,indoor,"clean_room, nursery, ice_cream_parlor, dressing_room, discotheque"
693,16632,indoor,"clean_room, nursery, ice_cream_parlor, museum/indoor, dressing_room"
694,16656,indoor,"discotheque, nursery, banquet_hall, ballroom, boxing_ring"
695,16680,indoor,"kindergarden_classroom, archive, discotheque, classroom, chemistry_lab"
696,16704,indoor,"kindergarden_classroom, nursery, classroom, archive, lecture_room"
697,16728,indoor,"clean_room, chemistry_lab, hospital_room, archive, nursery"
698,16752,indoor,"clean_room, archive, nursery, chemistry_lab, hospital_room"
699,16776,indoor,"clean_room, hospital_room, chemistry_lab, nursery, biology_laboratory"
700,16800,indoor,"discotheque, chemistry_lab, clean_room, hospital_room, dressing_room"
701,16824,indoor,"banquet_hall, clean_room, nursery, ballroom, hospital_room"
702,16848,indoor,"nursery, hospital_room, clean_room, kindergarden_classroom, dressing_room"
703,16872,indoor,"clean_room, chemistry_lab, nursery, archive, ice_cream_parlor"
704,16896,indoor,"archive, gymnasium/indoor, airport_terminal, locker_room, martial_arts_gym"
705,16920,indoor,"archive, library/indoor, locker_room, airport_terminal, bowling_alley"
706,16944,indoor,"clean_room, archive, chemistry_lab, nursery, music_studio"
707,16968,indoor,"clean_room, archive, chemistry_lab, operating_room, dressing_room"
708,16992,indoor,"classroom, coffee_shop, bookstore, drugstore, pharmacy"
709,17016,indoor,"hospital, booth/indoor, hospital_room, conference_center, museum/indoor"
710,17040,indoor,"hospital, hospital_room, booth/indoor, museum/indoor, pharmacy"
711,17064,indoor,"hospital, hospital_room, booth/indoor, museum/indoor, pharmacy"
712,17088,indoor,"hospital, hospital_room, museum/indoor, booth/indoor, conference_center"
713,17112,indoor,"hospital, booth/indoor, pharmacy, museum/indoor, hospital_room"
714,17136,indoor,"hospital, hospital_room, museum/indoor, conference_center, booth/indoor"
715,17160,indoor,"hospital, hospital_room, booth/indoor, museum/indoor, conference_center"
716,17184,indoor,"hospital, hospital_room, booth/indoor, museum/indoor, pharmacy"
717,17208,indoor,"hospital, booth/indoor, hospital_room, museum/indoor, pharmacy"
718,17232,indoor,"discotheque, clean_room, archive, museum/indoor, stage/indoor"
719,17256,indoor,"discotheque, stage/indoor, museum/indoor, clean_room, archive"
720,17280,indoor,"museum/indoor, archive, stage/indoor, discotheque, clean_room"
721,17304,indoor,"archive, discotheque, stage/indoor, clean_room, museum/indoor"
722,17328,indoor,"stage/indoor, discotheque, archive, museum/indoor, lecture_room"
723,17352,indoor,"discotheque, stage/indoor, archive, music_studio, clean_room"
724,17376,indoor,"discotheque, stage/indoor, music_studio, archive, clean_room"
725,17400,indoor,"stage/indoor, discotheque, archive, lecture_room, museum/indoor"
726,17424,indoor,"discotheque, stage/indoor, clean_room, archive, music_studio"
727,17448,indoor,"stage/indoor, discotheque, archive, music_studio, museum/indoor"
728,17472,indoor,"discotheque, boxing_ring, banquet_hall, ballroom, stage/indoor"
729,17496,indoor,"discotheque, ball_pit, kindergarden_classroom, banquet_hall, hospital_room"
730,17520,indoor,"discotheque, kindergarden_classroom, nursery, ball_pit, banquet_hall"
731,17544,indoor,"discotheque, banquet_hall, ball_pit, auditorium, kindergarden_classroom"
732,17568,indoor,"ball_pit, ice_cream_parlor, banquet_hall, candy_store, clean_room"
733,17592,indoor,"clean_room, hospital_room, nursery, discotheque, operating_room"
734,17616,indoor,"clean_room, discotheque, archive, bowling_alley, ice_cream_parlor"
735,17640,indoor,"discotheque, archive, clean_room, music_studio, stage/indoor"
736,17664,indoor,"clean_room, archive, dressing_room, discotheque, beauty_salon"
737,17688,indoor,"clean_room, discotheque, archive, operating_room, beauty_salon"
738,17712,indoor,"clean_room, archive, dressing_room, nursery, discotheque"
739,17736,indoor,"pharmacy, drugstore, beauty_salon, reception, chemistry_lab"
740,17760,indoor,"pharmacy, drugstore, beauty_salon, chemistry_lab, ice_cream_parlor"
741,17784,indoor,"drugstore, pharmacy, beauty_salon, chemistry_lab, ice_cream_parlor"
742,17808,indoor,"pharmacy, drugstore, beauty_salon, chemistry_lab, hospital"
743,17832,indoor,"pharmacy, drugstore, beauty_salon, chemistry_lab, hospital"
744,17856,indoor,"museum/indoor, stage/indoor, natural_history_museum, discotheque, nursery"
745,17880,indoor,"museum/indoor, stage/indoor, nursery, discotheque, art_gallery"
746,17904,indoor,"discotheque, stage/indoor, museum/indoor, music_studio, natural_history_museum"
747,17928,indoor,"discotheque, stage/indoor, music_studio, archive, museum/indoor"
748,17952,indoor,"archive, discotheque, museum/indoor, stage/indoor, clean_room"
749,17976,indoor,"discotheque, boxing_ring, kindergarden_classroom, lecture_room, stage/indoor"
750,18000,indoor,"boxing_ring, nursery, ball_pit, discotheque, hospital_room"
751,18024,indoor,"museum/indoor, discotheque, stage/indoor, natural_history_museum, nursery"
752,18048,indoor,"museum/indoor, ice_shelf, natural_history_museum, art_gallery, stage/indoor"
753,18072,indoor,"museum/indoor, stage/indoor, nursery, natural_history_museum, discotheque"
754,18096,indoor,"discotheque, museum/indoor, stage/indoor, music_studio, nursery"
755,18120,indoor,"archive, gymnasium/indoor, bowling_alley, boxing_ring, martial_arts_gym"
756,18144,indoor,"archive, kindergarden_classroom, library/indoor, classroom, schoolhouse"
757,18168,indoor,"archive, ice_cream_parlor, bookstore, library/indoor, department_store"
758,18192,indoor,"food_court, cafeteria, airport_terminal, ice_cream_parlor, laundromat"
759,18216,indoor,"museum/indoor, natural_history_museum, art_gallery, discotheque, nursery"
760,18240,indoor,"museum/indoor, discotheque, stage/indoor, dressing_room, music_studio"
761,18264,indoor,"museum/indoor, discotheque, stage/indoor, art_gallery, music_studio"
762,18288,indoor,"museum/indoor, discotheque, stage/indoor, nursery, archive"
763,18312,indoor,"museum/indoor, natural_history_museum, science_museum, art_gallery, nursery"
764,18336,indoor,"museum/indoor, natural_history_museum, science_museum, discotheque, art_gallery"
765,18360,indoor,"museum/indoor, discotheque, stage/indoor, nursery, natural_history_museum"
766,18384,indoor,"museum/indoor, natural_history_museum, science_museum, art_gallery, stage/indoor"
767,18408,indoor,"museum/indoor, stage/indoor, discotheque, archive, natural_history_museum"
768,18432,indoor,"museum/indoor, stage/indoor, discotheque, archive, art_gallery"
769,18456,indoor,"museum/indoor, discotheque, stage/indoor, archive, art_gallery"
770,18480,indoor,"museum/indoor, stage/indoor, discotheque, archive, art_gallery"
771,18504,indoor,"museum/indoor, art_gallery, natural_history_museum, archive, science_museum"
772,18528,indoor,"clean_room, dressing_room, martial_arts_gym, stage/indoor, discotheque"
773,18552,indoor,"ice_floe, nursery, ice_shelf, discotheque, florist_shop/indoor"
774,18576,indoor,"banquet_hall, nursery, ice_cream_parlor, kindergarden_classroom, dining_hall"
775,18600,indoor,"nursery, ice_floe, banquet_hall, ice_cream_parlor, childs_room"
776,18624,indoor,"discotheque, dressing_room, music_studio, stage/indoor, clean_room"
777,18648,indoor,"discotheque, stage/indoor, music_studio, archive, dressing_room"
778,18672,indoor,"drugstore, pharmacy, hospital_room, hospital, beauty_salon"
779,18696,indoor,"drugstore, hospital_room, hospital, pharmacy, motel"
780,18720,indoor,"drugstore, hospital_room, pharmacy, hospital, motel"
781,18744,indoor,"drugstore, hospital_room, pharmacy, hospital, beauty_salon"
782,18768,indoor,"drugstore, pharmacy, hospital_room, hospital, beauty_salon"
783,18792,indoor,"drugstore, pharmacy, hospital_room, hospital, beauty_salon"
784,18816,indoor,"drugstore, hospital_room, pharmacy, hospital, motel"
785,18840,indoor,"drugstore, pharmacy, hospital_room, hospital, motel"
786,18864,indoor,"drugstore, hospital_room, pharmacy, hospital, beauty_salon"
787,18888,indoor,"discotheque, dressing_room, stage/indoor, music_studio, bar"
788,18912,indoor,"discotheque, dressing_room, stage/indoor, music_studio, museum/indoor"
789,18936,indoor,"discotheque, dressing_room, clean_room, archive, stage/indoor"
790,18960,indoor,"dressing_room, bathroom, museum/indoor, discotheque, art_gallery"
791,18984,indoor,"clean_room, dressing_room, discotheque, stage/indoor, museum/indoor"
792,19008,indoor,"dressing_room, discotheque, clean_room, stage/indoor, museum/indoor"
793,19032,indoor,"dressing_room, discotheque, stage/indoor, clean_room, museum/indoor"
794,19056,indoor,"dressing_room, discotheque, stage/indoor, clean_room, music_studio"
795,19080,indoor,"dressing_room, discotheque, music_studio, museum/indoor, stage/indoor"
796,19104,indoor,"dressing_room, discotheque, clean_room, stage/indoor, music_studio"
797,19128,indoor,"dressing_room, clean_room, bathroom, beauty_salon, discotheque"
798,19152,indoor,"clean_room, dressing_room, discotheque, music_studio, stage/indoor"
799,19176,indoor,"clean_room, dressing_room, museum/indoor, art_gallery, discotheque"
800,19200,indoor,"clean_room, dressing_room, discotheque, museum/indoor, art_gallery"
801,19224,indoor,"museum/indoor, discotheque, dressing_room, clean_room, stage/indoor"
802,19248,indoor,"discotheque, stage/indoor, dressing_room, music_studio, museum/indoor"
803,19272,indoor,"banquet_hall, dining_hall, ice_cream_parlor, nursery, cafeteria"
804,19296,indoor,"banquet_hall, ice_floe, nursery, ice_cream_parlor, bakery/shop"
805,19320,indoor,"banquet_hall, ice_floe, ice_cream_parlor, bakery/shop, nursery"
806,19344,indoor,"banquet_hall, ice_floe, bakery/shop, ice_cream_parlor, candy_store"
807,19368,indoor,"banquet_hall, dining_hall, cafeteria, restaurant, dining_room"
808,19392,indoor,"banquet_hall, bakery/shop, candy_store, ice_cream_parlor, nursery"
809,19416,indoor,"kindergarden_classroom, classroom, archive, cafeteria, discotheque"
810,19440,indoor,"kindergarden_classroom, classroom, ballroom, archive, lecture_room"
811,19464,indoor,"archive, clean_room, bowling_alley, kindergarden_classroom, classroom"
812,19488,indoor,"airport_terminal, kindergarden_classroom, archive, locker_room, gymnasium/indoor"
813,19512,indoor,"kindergarden_classroom, archive, classroom, locker_room, airport_terminal"
814,19536,indoor,"archive, kindergarden_classroom, schoolhouse, entrance_hall, martial_arts_gym"
815,19560,indoor,"bowling_alley, archive, discotheque, bookstore, boxing_ring"
816,19584,indoor,"bookstore, gymnasium/indoor, bowling_alley, stage/indoor, archive"
817,19608,indoor,"bookstore, archive, locker_room, boxing_ring, bowling_alley"
818,19632,indoor,"martial_arts_gym, boxing_ring, gymnasium/indoor, kindergarden_classroom, locker_room"
819,19656,indoor,"boxing_ring, martial_arts_gym, gymnasium/indoor, locker_room, bowling_alley"
820,19680,indoor,"boxing_ring, martial_arts_gym, locker_room, bowling_alley, bookstore"
821,19704,indoor,"hospital_room, hospital, motel, museum/indoor, conference_center"
822,19728,indoor,"hospital, motel, hospital_room, museum/indoor, drugstore"
823,19752,indoor,"hospital, motel, hospital_room, museum/indoor, conference_center"
824,19776,indoor,"hospital, hospital_room, museum/indoor, motel, conference_center"
825,19800,outdoor,"hospital, motel, hospital_room, museum/indoor, ice_shelf"
826,19824,outdoor,"motel, hospital, hospital_room, museum/indoor, ice_shelf"
827,19848,indoor,"motel, hospital, hospital_room, museum/indoor, drugstore"
828,19872,indoor,"motel, hospital, hospital_room, museum/indoor, drugstore"
829,19896,indoor,"hospital, hospital_room, museum/indoor, motel, conference_center"
830,19920,outdoor,"hospital, hospital_room, motel, museum/indoor, ice_shelf"
831,19944,indoor,"nursery, ice_floe, banquet_hall, ice_cream_parlor, childs_room"
832,19968,indoor,"nursery, ice_floe, banquet_hall, ice_shelf, childs_room"
833,19992,indoor,"nursery, childs_room, ice_floe, banquet_hall, ice_cream_parlor"
834,20016,indoor,"banquet_hall, ice_floe, ice_cream_parlor, nursery, ice_shelf"
835,20040,indoor,"banquet_hall, ice_floe, ice_shelf, dining_hall, lecture_room"
836,20064,indoor,"gymnasium/indoor, boxing_ring, martial_arts_gym, stage/indoor, bowling_alley"
837,20088,indoor,"discotheque, stage/indoor, bowling_alley, gymnasium/indoor, martial_arts_gym"
838,20112,indoor,"bowling_alley, gymnasium/indoor, bookstore, boxing_ring, discotheque"
839,20136,indoor,"clean_room, locker_room, martial_arts_gym, bowling_alley, archive"
840,20160,indoor,"clean_room, nursery, kindergarden_classroom, museum/indoor, ice_cream_parlor"
841,20184,indoor,"clean_room, nursery, bowling_alley, locker_room, dressing_room"
842,20208,indoor,"nursery, kindergarden_classroom, clean_room, playroom, gift_shop"
843,20232,indoor,"clean_room, nursery, martial_arts_gym, gymnasium/indoor, archive"
844,20256,indoor,"discotheque, clean_room, bowling_alley, dressing_room, martial_arts_gym"
845,20280,indoor,"locker_room, discotheque, gymnasium/indoor, martial_arts_gym, clean_room"
846,20304,indoor,"locker_room, archive, clean_room, nursery, museum/indoor"
847,20328,indoor,"martial_arts_gym, gymnasium/indoor, locker_room, clean_room, bowling_alley"
848,20352,indoor,"gymnasium/indoor, bowling_alley, martial_arts_gym, clean_room, archive"
849,20376,indoor,"gymnasium/indoor, bowling_alley, clean_room, music_studio, martial_arts_gym"
850,20400,indoor,"clean_room, archive, physics_laboratory, music_studio, biology_laboratory"
851,20424,indoor,"discotheque, clean_room, archive, bowling_alley, music_studio"
852,20448,indoor,"discotheque, martial_arts_gym, clean_room, bowling_alley, boxing_ring"
853,20472,indoor,"archive, clean_room, martial_arts_gym, bowling_alley, playground"
854,20496,indoor,"classroom, archive, kindergarden_classroom, schoolhouse, museum/indoor"
855,20520,indoor,"banquet_hall, auditorium, classroom, dining_hall, archive"
856,20544,indoor,"auditorium, classroom, clean_room, stage/indoor, banquet_hall"
857,20568,indoor,"clean_room, classroom, auditorium, stage/indoor, archive"
858,20592,indoor,"clean_room, stage/indoor, auditorium, operating_room, classroom"
859,20616,indoor,"banquet_hall, dining_hall, auditorium, cafeteria, clean_room"
860,20640,indoor,"banquet_hall, auditorium, ballroom, stage/indoor, classroom"
861,20664,indoor,"ballroom, stage/indoor, banquet_hall, discotheque, dressing_room"
862,20688,indoor,"stage/indoor, classroom, auditorium, banquet_hall, lecture_room"
863,20712,indoor,"auditorium, stage/indoor, kindergarden_classroom, classroom, archive"
864,20736,indoor,"banquet_hall, auditorium, clean_room, dining_hall, ballroom"
865,20760,indoor,"clean_room, chemistry_lab, operating_room, auditorium, stage/indoor"
866,20784,indoor,"clean_room, chemistry_lab, banquet_hall, discotheque, hospital_room"
867,20808,indoor,"clean_room, banquet_hall, discotheque, auditorium, stage/indoor"
868,20832,indoor,"stage/indoor, clean_room, discotheque, auditorium, boxing_ring"
869,20856,indoor,"archive, classroom, museum/indoor, clean_room, gymnasium/indoor"
870,20880,indoor,"gymnasium/indoor, museum/indoor, stage/indoor, clean_room, classroom"
871,20904,indoor,"clean_room, archive, museum/indoor, staircase, classroom"
872,20928,indoor,"banquet_hall, clean_room, dining_hall, auditorium, cafeteria"
873,20952,indoor,"clean_room, cafeteria, archive, dining_hall, classroom"
874,20976,indoor,"museum/indoor, gymnasium/indoor, schoolhouse, clean_room, entrance_hall"
875,21000,indoor,"museum/indoor, entrance_hall, archive, clean_room, staircase"
876,21024,indoor,"entrance_hall, clean_room, museum/indoor, ballroom, archive"
877,21048,indoor,"museum/indoor, clean_room, archive, entrance_hall, porch"
878,21072,indoor,"clean_room, museum/indoor, archive, porch, schoolhouse"
879,21096,indoor,"classroom, lecture_room, auditorium, stage/indoor, museum/indoor"
880,21120,indoor,"archive, gymnasium/indoor, clean_room, hospital_room, chemistry_lab"
881,21144,indoor,"archive, clean_room, chemistry_lab, kindergarden_classroom, hospital_room"
882,21168,indoor,"archive, clean_room, chemistry_lab, kindergarden_classroom, drugstore"
883,21192,indoor,"clean_room, archive, hospital_room, chemistry_lab, kindergarden_classroom"
884,21216,indoor,"clean_room, archive, nursery, hospital_room, chemistry_lab"
885,21240,indoor,"archive, clean_room, nursery, kindergarden_classroom, classroom"
886,21264,indoor,"bookstore, drugstore, motel, archive, pharmacy"
887,21288,indoor,"pharmacy, drugstore, bookstore, hospital, archive"
888,21312,indoor,"bookstore, pharmacy, drugstore, archive, museum/indoor"
889,21336,indoor,"bookstore, pharmacy, drugstore, archive, hospital"
890,21360,indoor,"pharmacy, drugstore, hospital, bookstore, archive"
891,21384,indoor,"pharmacy, drugstore, elevator_lobby, bookstore, elevator/door"
892,21408,indoor,"pharmacy, drugstore, bookstore, elevator_lobby, elevator/door"
893,21432,indoor,"archive, gymnasium/indoor, locker_room, classroom, kindergarden_classroom"
894,21456,indoor,"archive, clean_room, gymnasium/indoor, kindergarden_classroom, nursery"
895,21480,indoor,"archive, kindergarden_classroom, clean_room, nursery, locker_room"
896,21504,indoor,"clean_room, archive, dressing_room, locker_room, kindergarden_classroom"
897,21528,indoor,"discotheque, ballroom, carrousel, airport_terminal, lobby"
898,21552,indoor,"ballroom, hospital_room, archive, clean_room, airport_terminal"
899,21576,indoor,"clean_room, archive, schoolhouse, dressing_room, operating_room"
900,21600,indoor,"archive, classroom, library/indoor, staircase, kindergarden_classroom"
901,21624,indoor,"archive, staircase, classroom, clean_room, schoolhouse"
902,21648,indoor,"archive, staircase, clean_room, entrance_hall, library/indoor"
903,21672,indoor,"archive, staircase, entrance_hall, library/indoor, clean_room"
904,21696,indoor,"staircase, archive, entrance_hall, library/indoor, nursery"
905,21720,indoor,"entrance_hall, archive, staircase, porch, museum/indoor"
906,21744,indoor,"archive, staircase, sauna, porch, nursery"
907,21768,indoor,"archive, sauna, staircase, museum/indoor, nursery"
908,21792,indoor,"pharmacy, drugstore, motel, hospital, bar"
909,21816,indoor,"pharmacy, drugstore, motel, hospital, bar"
910,21840,indoor,"pharmacy, drugstore, motel, hospital, bar"
911,21864,outdoor,"pharmacy, motel, drugstore, hospital, gas_station"
912,21888,outdoor,"pharmacy, motel, drugstore, hospital, gas_station"
913,21912,indoor,"archive, nursery, staircase, entrance_hall, museum/indoor"
914,21936,indoor,"archive, nursery, clean_room, entrance_hall, porch"
915,21960,indoor,"clean_room, hospital_room, archive, nursery, nursing_home"
916,21984,indoor,"archive, clean_room, museum/indoor, nursery, staircase"
917,22008,indoor,"archive, clean_room, hospital_room, operating_room, boxing_ring"
918,22032,indoor,"archive, staircase, museum/indoor, classroom, schoolhouse"
919,22056,indoor,"attic, archive, clean_room, childs_room, hospital_room"
920,22080,indoor,"attic, artists_loft, childs_room, alcove, clean_room"
921,22104,indoor,"attic, artists_loft, hospital_room, childs_room, operating_room"
922,22128,indoor,"attic, bedroom, hospital_room, alcove, clean_room"
923,22152,indoor,"attic, hospital_room, childs_room, operating_room, clean_room"
924,22176,indoor,"attic, alcove, bedroom, artists_loft, clean_room"
925,22200,indoor,"attic, artists_loft, museum/indoor, atrium/public, archive"
926,22224,indoor,"attic, archive, artists_loft, bedroom, alcove"
927,22248,indoor,"attic, artists_loft, archive, alcove, hospital_room"
928,22272,indoor,"attic, archive, artists_loft, childs_room, living_room"
929,22296,indoor,"attic, bow_window/indoor, alcove, artists_loft, archive"
930,22320,indoor,"attic, archive, jail_cell, artists_loft, living_room"
931,22344,indoor,"natural_history_museum, science_museum, iceberg, museum/indoor, underwater/ocean_deep"
932,22368,indoor,"elevator/door, bow_window/indoor, art_gallery, alcove, closet"
933,22392,indoor,"entrance_hall, attic, staircase, corridor, artists_loft"
934,22416,outdoor,"staircase, porch, entrance_hall, schoolhouse, pavilion"
935,22440,outdoor,"porch, staircase, schoolhouse, entrance_hall, pavilion"
936,22464,outdoor,"staircase, porch, entrance_hall, schoolhouse, pavilion"
937,22488,indoor,"staircase, entrance_hall, porch, lobby, pavilion"
938,22512,indoor,"porch, staircase, entrance_hall, lobby, schoolhouse"
939,22536,indoor,"porch, entrance_hall, staircase, library/indoor, waiting_room"
940,22560,indoor,"porch, staircase, entrance_hall, schoolhouse, office_cubicles"
941,22584,indoor,"cafeteria, supermarket, clean_room, airport_terminal, auditorium"
942,22608,outdoor,"staircase, porch, entrance_hall, schoolhouse, pavilion"
943,22632,indoor,"staircase, porch, schoolhouse, entrance_hall, office_cubicles"
944,22656,indoor,"staircase, entrance_hall, escalator/indoor, porch, office_cubicles"
945,22680,indoor,"schoolhouse, porch, staircase, entrance_hall, clean_room"
946,22704,outdoor,"porch, staircase, entrance_hall, schoolhouse, pavilion"
947,22728,indoor,"porch, schoolhouse, staircase, entrance_hall, office_cubicles"
948,22752,indoor,"staircase, escalator/indoor, porch, boardwalk, entrance_hall"
949,22776,outdoor,"porch, staircase, boardwalk, entrance_hall, schoolhouse"
950,22800,indoor,"porch, staircase, entrance_hall, schoolhouse, escalator/indoor"
951,22824,outdoor,"porch, staircase, schoolhouse, entrance_hall, pavilion"
952,22848,indoor,"staircase, porch, entrance_hall, corridor, escalator/indoor"
953,22872,indoor,"staircase, escalator/indoor, entrance_hall, airport_terminal, museum/indoor"
954,22896,indoor,"bowling_alley, schoolhouse, archive, airport_terminal, museum/indoor"
955,22920,outdoor,"clean_room, schoolhouse, gas_station, porch, archive"
956,22944,outdoor,"porch, schoolhouse, gas_station, airport_terminal, bowling_alley"
957,22968,outdoor,"porch, archive, schoolhouse, patio, gymnasium/indoor"
958,22992,indoor,"porch, schoolhouse, gymnasium/indoor, museum/indoor, archive"
959,23016,indoor,"porch, entrance_hall, staircase, gymnasium/indoor, museum/indoor"
960,23040,indoor,"porch, archive, library/indoor, gymnasium/indoor, patio"
961,23064,indoor,"gymnasium/indoor, clean_room, porch, boxing_ring, music_studio"
962,23088,indoor,"porch, entrance_hall, archive, patio, cafeteria"
963,23112,indoor,"porch, entrance_hall, staircase, patio, lobby"
964,23136,indoor,"schoolhouse, porch, archive, entrance_hall, gymnasium/indoor"
965,23160,indoor,"porch, gymnasium/indoor, entrance_hall, staircase, lobby"
966,23184,outdoor,"porch, patio, gymnasium/indoor, balcony/interior, archive"
967,23208,indoor,"porch, staircase, balcony/interior, corridor, escalator/indoor"
968,23232,indoor,"porch, staircase, entrance_hall, gymnasium/indoor, escalator/indoor"
969,23256,indoor,"porch, cafeteria, coffee_shop, classroom, office_cubicles"
970,23280,indoor,"porch, staircase, entrance_hall, escalator/indoor, airport_terminal"
971,23304,indoor,"porch, staircase, entrance_hall, gymnasium/indoor, escalator/indoor"
972,23328,outdoor,"porch, balcony/interior, patio, staircase, entrance_hall"
973,23352,outdoor,"porch, staircase, entrance_hall, patio, balcony/interior"
974,23376,indoor,"porch, staircase, entrance_hall, patio, archive"
975,23400,indoor,"porch, staircase, schoolhouse, entrance_hall, archive"
976,23424,outdoor,"porch, schoolhouse, archive, clean_room, ski_resort"
977,23448,indoor,"kindergarden_classroom, museum/indoor, classroom, archive, schoolhouse"
978,23472,indoor,"kindergarden_classroom, schoolhouse, classroom, archive, stage/indoor"
979,23496,outdoor,"porch, staircase, schoolhouse, entrance_hall, pavilion"
980,23520,outdoor,"porch, staircase, entrance_hall, schoolhouse, pavilion"
981,23544,outdoor,"staircase, porch, entrance_hall, schoolhouse, pavilion"
982,23568,indoor,"porch, staircase, office_cubicles, waiting_room, library/indoor"
983,23592,indoor,"office_cubicles, staircase, porch, office, entrance_hall"
984,23616,indoor,"airplane_cabin, clean_room, artists_loft, art_gallery, bathroom"
985,23640,indoor,"staircase, porch, entrance_hall, office_cubicles, escalator/indoor"
986,23664,indoor,"porch, staircase, entrance_hall, lobby, library/indoor"
987,23688,indoor,"staircase, porch, entrance_hall, waiting_room, airport_terminal"
988,23712,outdoor,"porch, entrance_hall, staircase, schoolhouse, pavilion"
989,23736,indoor,"porch, schoolhouse, library/indoor, archive, staircase"
990,23760,indoor,"porch, staircase, schoolhouse, entrance_hall, library/indoor"
991,23784,outdoor,"schoolhouse, porch, pavilion, museum/indoor, archive"
992,23808,outdoor,"porch, pavilion, schoolhouse, staircase, gazebo/exterior"
993,23832,indoor,"staircase, porch, entrance_hall, schoolhouse, classroom"
994,23856,outdoor,"schoolhouse, porch, pavilion, archive, gas_station"
995,23880,indoor,"schoolhouse, porch, staircase, archive, clean_room"
996,23904,indoor,"staircase, porch, entrance_hall, schoolhouse, archive"
997,23928,outdoor,"desert/sand, sky, beach, lake/natural, ocean"
998,23952,indoor,"nursery, childs_room, kindergarden_classroom, playroom, basement"
999,23976,outdoor,"desert/sand, sky, beach, lake/natural, marsh"
1000,24000,outdoor,"desert/sand, sky, beach, lake/natural, marsh"
1001,24024,outdoor,"desert/sand, sky, beach, lake/natural, marsh"
1002,24048,outdoor,"desert/sand, sky, beach, lake/natural, marsh"
1003,24072,outdoor,"desert/sand, sky, beach, lake/natural, marsh"
1004,24096,outdoor,"desert/sand, sky, beach, lake/natural, marsh"
1005,24120,outdoor,"desert/sand, sky, beach, lake/natural, marsh"
1006,24144,outdoor,"desert/sand, sky, beach, lake/natural, marsh"
1007,24168,outdoor,"desert/sand, sky, beach, lake/natural, marsh"
1008,24192,outdoor,"desert/sand, sky, beach, lake/natural, marsh"
